"category_id","name","average_rc"
14,"Sci-Fi","21.1539344262295082"
7,"Drama","21.0867741935483871"
4,"Classics","21.0075438596491228"
1,"Action","20.9118750000000000"
15,"Sports","20.3954054054054054"
10,"Games","20.2850819672131148"
2,"Animation","20.1263636363636364"
3,"Children","20.0566666666666667"
